Name,Aadhaar Number,Date of Birth,Address,Gender,Mobile Number,Email
Daisy Munoz,691430158953,24/07/1968,"90354 Harris Ports Apt. 224, Leontown, NH 67464",Male,2391851732,ojennings@example.org
Dr. Kevin Wall,011479544935,09/09/1948,"50919 Thomas Island, Port Charleshaven, IA 38200",Female,7241411361,david96@example.com
Lisa Kane,872319446216,05/12/1978,"PSC 9122, Box 2381, APO AE 82674",Female,0815316881,hhoward@example.com
Madison Moore,254715966368,31/10/1994,"32949 Rachel Expressway Apt. 058, Lake Christinamouth, AK 53771",Male,8440528894,charles69@example.org
Mark West,595014581878,30/10/1956,"991 Jeffery Ridge Apt. 652, Calderonville, ME 89696",Male,9735186323,perryemily@example.org
Kristen Davis,254128176469,18/04/1982,"1522 Patrick Estates Suite 101, Freemanburgh, CO 58313",Male,4800866937,greendana@example.net
Brittany Herrera,761630826488,16/01/1971,"PSC 9898, Box 5749, APO AA 23009",Male,2562547600,sharon10@example.org
Jaime Chandler,385413491760,02/01/1968,"42922 Rodney Villages Suite 457, Port Hayley, NM 00581",Female,8522273951,maria27@example.net
Jessica Smith,303439890049,16/11/1949,"409 Gray Prairie, North Matthew, MT 08647",Other,2176805578,wcarter@example.org
Pamela Brown,300045497431,03/06/1968,"89136 Mays Freeway, New Robert, NC 68258",Male,6341214088,ppotter@example.org
Kathleen Chapman,001204336084,01/05/1954,"6646 French Divide, Hannahton, MN 13938",Female,6357865035,duanehernandez@example.net
Tracy Walter,202764482365,07/12/1994,"8508 Kenneth Crest, South Seth, PR 11968",Male,3242825979,pbell@example.net
Kyle Ferguson,824880320403,29/09/1966,"27945 Thomas Station, North Ashleymouth, AZ 92274",Male,4288431957,ypittman@example.org
Laura Walker,824127281526,17/02/1949,"USNV Walters, FPO AP 75482",Male,4311963453,hbuchanan@example.net
Michele Martin,895161523211,18/07/1971,"355 Jones Ports, Lorimouth, IA 33236",Other,5829170456,stonematthew@example.net
William Blake,205460280280,28/08/1967,"909 Williams Throughway Apt. 295, Piercemouth, CO 63901",Male,1904019125,marthalewis@example.net
Susan Saunders,073330324806,01/04/1974,"7939 Lori Rapid, Lake Joshuaville, WY 57175",Female,8144027164,madeline41@example.org
Wanda Brown,980336061766,19/11/1996,"Unit 0946 Box 5760, DPO AE 11489",Other,6789550111,dennis09@example.org
Larry Luna,980268280009,17/01/1961,"3237 Harris Springs Suite 137, Matthewland, VA 48782",Male,5573032556,skelley@example.com
Jason Santana,243833436865,07/06/1948,"19547 Darren Station Apt. 931, Jamesfort, NV 29581",Male,3115652152,jenningsandrew@example.com
Stephanie Ortiz,937069824814,09/07/2006,"96391 Ruiz Estates Apt. 653, New Jasonfurt, ID 76571",Male,9850038243,bennettbrian@example.org
Matthew Walker,188560318194,16/11/1994,"9625 Miller Tunnel Suite 961, Palmerton, FM 19616",Other,3039644832,brianjacobs@example.net
Dr. Janice Mccullough,828834523216,12/04/2006,"795 Nathan Orchard Apt. 651, Freemanchester, MT 33008",Female,3735707233,sydney86@example.net
Carl Owens,372860337666,14/07/1984,"73434 Rivera Canyon Suite 927, Stantonville, IL 80597",Other,6308576286,nathanmckinney@example.net
Jennifer Newman,942134760033,13/11/1971,"216 Zachary Summit Apt. 129, Lake Yvonneburgh, ME 75341",Other,1064684565,richardlee@example.com
Amy Ramirez,443227755246,01/11/1967,"3324 Tyler Springs Suite 980, Langfurt, PW 54882",Male,0257466090,andersonmadison@example.net
Wesley Nielsen,934050723377,30/11/2004,"52568 Williams Walks Apt. 039, North Melissaville, OH 98879",Male,7283751274,mary91@example.net
Michelle Soto,991881432056,01/11/1972,"45269 Dean Walk, Amytown, VI 70386",Male,1298402044,hayeschristine@example.com
Kristen Green,317785879457,30/09/1985,"008 Rogers Landing Apt. 580, Coxchester, GA 13427",Male,1487170976,andrea15@example.com
Angel Harding,888438793692,06/10/1953,"9731 Laura Station, Lake Zachary, TX 53385",Female,8869322106,sandy15@example.com
Mark Huang,819014529798,14/03/1968,"401 White Junction Suite 637, Gregoryburgh, CA 61696",Female,4214612882,kyle04@example.org
Bernard West,828504702785,06/09/1965,"PSC 8537, Box 2700, APO AA 16816",Male,2488033234,richard49@example.net
Mrs. Ana Jackson DDS,317346567675,21/01/1955,"442 Zhang Corners, Hamiltontown, PR 19273",Other,7630757620,sarahstewart@example.net
Jared Richmond,355424312264,15/11/1960,"8981 Edwards Tunnel, North Jason, ND 40095",Female,9738961794,mitchellbilly@example.org
Christina Mayer,360292593129,11/05/1993,"39951 Colleen Court, Bartlettfort, WY 46181",Female,6902443953,brandidixon@example.net
Kevin Mccarthy,323272915145,03/12/1948,"7424 Stephen Prairie Apt. 606, New John, MD 37918",Male,7650948645,cgalloway@example.com
Heather Moss,294830848221,05/12/1968,"946 Walker Roads Suite 914, Larrybury, KS 64391",Male,4608314735,alvarezdonald@example.net
Stephanie Reid,280406106792,12/05/2004,"190 Kelly Cliff Apt. 778, Connorstad, CO 40237",Female,2327185062,patrick32@example.net
Meagan Jones,758005857671,27/10/1995,"90763 Patton Plains, Brianburgh, MA 50013",Male,4379385393,mary39@example.com
Nicole Fuller,791753007412,08/03/1990,"298 Randy Streets, Arnoldborough, LA 33109",Male,3670948106,durhamkyle@example.com
Michael Navarro,736139301996,31/10/2004,"549 Philip Dale, East Williamview, NH 40303",Female,9624534160,perezchristopher@example.net
Donald Garner,384333773686,18/06/1970,"1385 Moore Plain Apt. 711, Andrewborough, MI 64420",Other,4847294583,benjamin66@example.net
Amy Vasquez,285098247051,19/04/2001,"1605 Hart Light Apt. 937, Scottfurt, IL 48786",Male,4561115537,xlucas@example.com
Jessica Odom,802357673705,22/12/1963,"4419 Martin Squares, Mcculloughside, PR 28807",Female,6523996701,zbailey@example.net
Mr. Jeremy Thompson,451293996516,06/02/1997,"68011 Tanya Heights Apt. 791, Port Thomasville, MH 71413",Other,8998095538,roachconnor@example.org
Christine Bender,615186949771,13/10/1979,"8235 Tyrone Landing Apt. 108, Andersonburgh, NH 33921",Other,4017816121,smithgloria@example.org
Patricia Rogers,007325930177,29/09/1979,"PSC 2186, Box 7989, APO AA 99265",Other,3694199308,gbradshaw@example.net
Justin Wall,709305807893,25/07/1971,"PSC 8221, Box 8952, APO AP 30021",Female,4458570635,timothypatterson@example.net
Richard Wilson,902987918771,08/10/1944,"Unit 2446 Box 4843, DPO AA 69970",Other,5878501443,michaelgarrett@example.org
Timothy Brown,043388597469,07/05/1958,"118 Rush Estate, Johnathanville, VA 15999",Male,7495493206,jeffreythomas@example.net
Krista Collins,851186697728,04/08/1992,"743 Hubbard Drives Suite 182, Parksshire, VA 92875",Male,4944291676,clairefisher@example.com
Tommy Williams,120287626633,21/07/1994,"450 Deanna Vista, South Donald, WY 88995",Female,5623977476,smithrose@example.net
Melissa Mack,120141032372,04/04/2002,"068 Parker Mills, East Rebeccaville, NV 45794",Female,3633178741,bkim@example.org
Heather Palmer,606736459640,25/10/1977,"131 Petty Plains Suite 755, West Abigail, AZ 20682",Male,0005962102,emoreno@example.com
Barbara Edwards,031674170285,27/04/1959,"71707 Tony Track Suite 364, Richardchester, TX 76930",Female,4301541413,andrewwatts@example.org
Raymond Chaney,683698182379,22/04/2000,"0735 Kevin Hollow Suite 932, Nathanton, FL 71204",Female,1545761666,vanessaflores@example.org
Michael Greer,477580502765,29/08/1987,"Unit 2370 Box 6195, DPO AA 07388",Other,1621921858,traviswiggins@example.net
Lawrence Matthews,530676506587,25/08/1964,"11445 Benjamin Locks, Howardhaven, NH 32513",Other,4425832122,elizabeth97@example.org
Matthew Terry,227023930760,27/11/1984,"397 Eric Cape, East Angela, UT 43496",Female,0837505133,smelendez@example.org
Jennifer West,722258834724,19/11/1994,"99714 Smith Cliffs, Gilbertstad, AS 92992",Other,1847584940,gregory58@example.net
Tommy Brown,511399587200,09/11/1979,"59176 Victoria Forge, Port Lisastad, MA 18060",Female,9190428402,eric74@example.com
Scott Nelson,136294835556,14/09/1987,"36981 Mark Court, Port Evelynstad, TN 91247",Female,5379482058,jacqueline75@example.net
Laura Carrillo,229965220250,26/10/1980,"67207 Murphy Tunnel, Loriton, VI 75310",Male,2326407082,francisscott@example.net
Paul Woods,850581226085,27/09/1963,"329 Perez Drives, Bushside, ND 62872",Male,4060410175,greenjimmy@example.com
Ryan Jones,862155378047,17/07/1950,"022 Decker Falls Apt. 598, Adkinsport, NJ 10779",Female,2051649130,bobbygarner@example.net
Lee Mccoy,138903067213,30/06/1945,"USS Hernandez, FPO AE 04967",Other,0830091687,michaelvillanueva@example.net
Kristen Burke,465984990458,24/04/1972,"200 Steven Ridge Apt. 369, New Jasonfort, DE 06957",Male,0942212821,zwilliams@example.net
Angela Johnson,132573247798,17/05/1971,"0124 Coffey Junction, Port Jamesport, MN 04477",Male,9827134833,twoods@example.org
Robert Cooper,421654741178,26/12/1956,"87045 Keith Key, Thompsonmouth, GA 64850",Male,4076207255,lisa01@example.com
Charles Moore,391620934265,05/10/2003,"283 Sandra Inlet Apt. 526, Jillianside, LA 94069",Female,3408744463,vspence@example.com
James Kelley,810956774480,14/08/1992,"13594 Nicholson Overpass Suite 604, Sharonview, IA 48216",Other,9503162730,uduncan@example.net
Keith Chan,104075957177,27/12/1971,"802 Buckley Street, Romerostad, RI 33056",Female,5914556929,thompsonwilliam@example.org
Stephanie Smith,474164054979,29/03/2006,"97467 Buck Grove, North Amanda, MD 47625",Other,8727762391,stuartdamon@example.com
Audrey Clark,294587368809,16/09/1947,"738 Pierce Trail Apt. 397, East Matthewmouth, IL 74707",Female,6796385108,ameyer@example.com
Henry Hernandez,775564928430,05/03/1968,"421 Moyer Curve, New Christophertown, MA 55439",Female,8608434401,michelle20@example.com
Jennifer Baldwin,806858098623,08/11/1968,"3988 Nguyen Hill, Armstrongstad, VA 34289",Male,7445273510,tmeyer@example.com
Mark Marshall,964957688385,08/04/1998,"2174 Adams Bypass, West Dakotaland, AK 71366",Male,8745341158,kathleen27@example.com
Jessica Jackson,784360460710,03/09/1993,"82077 Jason Prairie, Laneton, AK 20720",Female,8472050416,smithtyler@example.org
Michael Lindsey,813132505830,08/03/1985,"1827 Stone Court, Suzanneport, DE 34475",Female,7551720548,mmartinez@example.com
Brian Irwin,389143566150,20/09/1976,"5065 Molly Route, North Gregoryborough, ID 27153",Other,5251803496,charles14@example.com
Sophia Parker,013170142999,28/10/1970,"36138 Stacy Junctions Apt. 308, New Juan, AR 30446",Female,7225906974,tcrawford@example.org
Sabrina Johnson,152615339938,28/09/1960,"6397 Frank Fields, Port Paulland, NV 95558",Male,0282717679,icollier@example.org
Ronald Wilson MD,924236841164,12/10/1972,"0488 Ryan Ridges, Lake Nicoleberg, WI 40607",Other,1651015179,amy63@example.net
James Taylor,025748491323,29/01/1984,"2295 Elizabeth Islands, Savannahshire, VI 80881",Other,1519496578,amyedwards@example.org
Miguel Sharp,161241404829,20/04/1979,"20783 Parker Curve Suite 536, East Andrewborough, WV 09114",Female,2297302113,jonathanwells@example.com
Tyler Strong,957877264466,23/11/1954,"302 Tucker Field, Matthewfort, OH 07792",Other,8692376392,robert78@example.org
Tanya Estrada,063643131373,27/06/1948,"USNS Lara, FPO AP 21755",Other,2906180660,wrightdustin@example.net
Andre Skinner,050158565303,19/01/1992,"8475 Murray Plaza, South Jaredside, MI 48059",Other,9408251235,umurray@example.net
Adrian Hernandez,163289806304,18/08/1979,"778 Justin Green Suite 549, South Casey, FM 08524",Female,0799959156,alanwright@example.com
Melinda Stevenson,693776208869,29/11/1973,"224 Meghan Road Apt. 677, New Patricia, AS 54723",Male,7901670330,sblack@example.com
Nicholas Brown,812804573248,25/07/1949,"2513 Wilson Course Apt. 887, Mcdonaldfurt, MD 44553",Female,3911118606,suttonjohnny@example.net
Christina Rice,865354145501,12/10/1961,"4276 Krystal River, Lake Crystalchester, UT 70968",Male,0144687982,daniel91@example.com
Jon Peterson,601727262521,12/11/1944,"65082 Benitez Gardens, West Karaland, DE 52251",Male,5285056003,jwalker@example.net
Melanie Flowers,135609240500,24/12/1975,"125 Travis Ville, Kellieside, MS 11775",Other,7175421242,andersonmanuel@example.net
Julian Frank,548644265433,15/11/1967,"559 Amanda Squares Apt. 268, Kleinside, MA 75581",Female,2905516737,schmittwilliam@example.com
Stacey Moreno,585604759884,17/03/1951,"4458 Boyd Garden, Port Kristine, NE 38415",Female,3108260570,robert81@example.org
Susan Brown,031701982039,27/05/1993,"Unit 0410 Box 2151, DPO AA 68234",Male,7555728364,lisayoder@example.com
Chad White,807931444322,23/03/1957,"64984 Wanda Unions Suite 142, Smithhaven, UT 16185",Female,0840649905,jasoncraig@example.org
Benjamin Anderson,671286693764,11/09/1997,"32239 Lisa Turnpike Apt. 643, Burtonshire, FL 93314",Male,8965481286,glendaperez@example.org
Amy Walters,660886838084,28/10/1943,"USS Mcmillan, FPO AE 44432",Other,4800258939,obrown@example.org
